ticker,name,group,fy_end,ltfy,price,price_date,mktcap,per_f,pbr,yld,roe,eqr,rev,oi,ni,rev_g1y,rev_3y_base,rev_f,oi_f,ni_f,fcst_flag,ibd,ibd_date,cash,cash_date,nci,da,da_basis,ocf,icf,capex,cf_basis,pe_hi_avg,pe_lo_avg,pb_mar26,per_f_mar26,px_mar26,treasury_pct,shares_m,book_equity,bps,net_debt,ev,ebitda,ebit_margin,ebitda_margin,ebit_margin_f,ev_sales,ev_sales_f,ev_ebitda,ev_ebit,ev_ebit_f,pe_actual,nd_ebitda,nd_equity,rev_cagr_3y,rev_g_fcst,ni_g_fcst,fcf,ocf_to_ev,fcf_yield_mktcap,pe_mid_hist,split_factor_since_mar26,px_chg_mar_sep,shikiho_mirror_url,flags,in_R1_core8,in_R1e_ext11
8804,Tokyo Tatemono,target,Dec,FY12/2025,3286.0,2026-09-25,683.4,10.5,1.12,3.83,10.45,26.0,474.586,95.763,58.879,2.3,349.94,524.0,105.5,65.0,S company (Aug-26),1536.6,2026-06-30,94.2,2026-06-30,12.331,23.0,FY12/25 (Shikiho fcst),32.106,,125.7,OCF FY12/25; capex FY12/24,9.9,7.0,1.33,12.52,3795.0,0.4,207.9732,610.1786,2933.9286,1442.4,2138.131,118.763,20.1782,25.0245,20.1336,4.5053,4.0804,18.0033,22.3273,20.2666,11.6069,12.1452,2.3639,10.6897,10.412,10.3959,,1.5016,,8.45,1.0,-13.4124,https://raw.githubusercontent.com/edamame384/stock_selection/HEAD/projects/shikiho_text_parser/data/raw/4Q-2/8804.txt,"JPY bn. IBD/cash per ibd_date/cash_date (Shikiho mirror Sep-25 BS & FY-end cash, or company results for later dates); NCI: TT derived (net assets 619.0 - 24.5% x TA), peers 0 = ESTIMATE; EBITDA = OI + D&A (da_basis); hybrids counted 100% as debt; Daito LTFY = company FY3/26 forecast (proxy); rev_f for 8802/3003/8818 = Toyo Keizai estimates (E)",False,False
8801,Mitsui Fudosan,core,Mar,FY3/2026,1507.5,2026-09-07,4060.0,14.3,1.25,2.45,8.68,32.4,2709.747,397.788,278.684,3.2,2269.103,2800.0,410.0,285.0,S company,4632.547,2026-03-31,163.2,2025-03-31,0.0,140.0,FY3/26 (Shikiho fcst),599.252,-321.9,362.7,FY3/25,18.3,11.4,1.56,18.58,1821.0,,2693.2007,3248.0,1206.0,4469.347,8529.347,537.788,14.6799,19.8464,14.6429,3.1477,3.0462,15.8601,21.4419,20.8033,14.5685,8.3106,1.376,6.0942,3.3307,2.2664,277.352,7.0258,6.8313,14.85,1.0,-17.2158,https://raw.githubusercontent.com/edamame384/stock_selection/HEAD/projects/shikiho_text_parser/data/raw/4Q-2/8801.txt,"JPY bn. IBD/cash per ibd_date/cash_date (Shikiho mirror Sep-25 BS & FY-end cash, or company results for later dates); NCI: TT derived (net assets 619.0 - 24.5% x TA), peers 0 = ESTIMATE; EBITDA = OI + D&A (da_basis); hybrids counted 100% as debt; Daito LTFY = company FY3/26 forecast (proxy); rev_f for 8802/3003/8818 = Toyo Keizai estimates (E)",True,True
8802,Mitsubishi Estate,core,Mar,FY3/2026,3630.0,2026-09-28,4396.3,18.6,1.61,1.35,8.47,31.4,1746.148,329.73,222.507,10.5,1377.827,2060.0,370.0,235.0,OI/NI S company; revenue E (Toyo Keizai est.),3469.29,2025-09-30,256.8,2025-03-31,0.0,107.0,FY3/26 (Shikiho fcst),324.116,-361.5,443.8,FY3/25,19.5,12.5,2.26,26.17,4729.0,2.4,1211.1019,2730.6211,2254.6584,3212.49,7608.79,436.73,18.8833,25.0111,17.9612,4.3575,3.6936,17.4222,23.0758,20.5643,19.758,7.3558,1.1765,8.217,17.974,5.6147,-37.384,4.2598,-0.8504,16.0,1.0,-23.2396,https://raw.githubusercontent.com/edamame384/stock_selection/HEAD/projects/shikiho_text_parser/data/raw/4Q-2/8802.txt,"JPY bn. IBD/cash per ibd_date/cash_date (Shikiho mirror Sep-25 BS & FY-end cash, or company results for later dates); NCI: TT derived (net assets 619.0 - 24.5% x TA), peers 0 = ESTIMATE; EBITDA = OI + D&A (da_basis); hybrids counted 100% as debt; Daito LTFY = company FY3/26 forecast (proxy); rev_f for 8802/3003/8818 = Toyo Keizai estimates (E)",True,True
8830,Sumitomo Realty & Development,core,Mar,FY3/2026,3226.0,2026-09-14,3019.5,13.4,1.16,1.61,9.16,34.4,1057.765,299.155,212.535,4.3,939.904,1070.0,320.0,223.0,S company,3839.626,2025-09-30,98.2,2025-03-31,0.0,75.0,FY3/26 (Shikiho fcst),253.171,-143.6,170.2,FY3/25,14.2,8.4,1.84,21.34,4790.0,,935.9888,2603.0172,2781.0345,3741.426,6760.926,374.155,28.2818,35.3722,29.9065,6.3917,6.3186,18.0699,22.6001,21.1279,14.2071,9.9997,1.4373,4.0164,1.1567,4.9239,109.571,3.7446,3.6288,11.3,1.0,-32.6514,https://raw.githubusercontent.com/edamame384/stock_selection/HEAD/projects/shikiho_text_parser/data/raw/4Q-2/8830.txt,"JPY bn. IBD/cash per ibd_date/cash_date (Shikiho mirror Sep-25 BS & FY-end cash, or company results for later dates); NCI: TT derived (net assets 619.0 - 24.5% x TA), peers 0 = ESTIMATE; EBITDA = OI + D&A (da_basis); hybrids counted 100% as debt; Daito LTFY = company FY3/26 forecast (proxy); rev_f for 8802/3003/8818 = Toyo Keizai estimates (E)",True,True
3289,Tokyu Fudosan HD,core,Mar,FY3/2026,1312.5,2026-08-07,944.8,9.4,1.03,3.81,11.24,26.3,1246.048,166.882,96.697,8.3,1005.836,1400.0,190.0,100.0,S company,1826.9,2026-03-31,157.4,2025-03-31,0.0,67.2,FY3/26 (Shikiho fcst),47.426,-139.9,90.6,FY3/25,12.3,7.6,1.15,10.99,1374.5,,719.8476,917.2816,1274.2718,1669.5,2614.3,234.082,13.3929,18.786,13.5714,2.0981,1.8674,11.1683,15.6656,13.7595,9.7707,7.1321,1.8201,7.3996,12.3552,3.4158,-92.474,1.8141,-9.7877,9.95,1.0,-4.5107,https://raw.githubusercontent.com/edamame384/stock_selection/HEAD/projects/shikiho_text_parser/data/raw/4Q-2/3289.txt,"JPY bn. IBD/cash per ibd_date/cash_date (Shikiho mirror Sep-25 BS & FY-end cash, or company results for later dates); NCI: TT derived (net assets 619.0 - 24.5% x TA), peers 0 = ESTIMATE; EBITDA = OI + D&A (da_basis); hybrids counted 100% as debt; Daito LTFY = company FY3/26 forecast (proxy); rev_f for 8802/3003/8818 = Toyo Keizai estimates (E)",True,True
3231,Nomura Real Estate HD,core,Mar,FY3/2026,926.0,2026-09-04,850.0,9.2,0.99,4.75,10.68,28.5,942.505,138.242,82.88,24.4,654.735,1080.0,140.0,86.0,S company,1696.5,2026-06-30,35.8,2025-03-31,0.0,20.8,FY3/25 (Shikiho actual),-133.793,-203.3,174.4,FY3/25,10.6,7.4,1.21,12.97,1060.0,4.8,917.9266,858.5859,935.3535,1660.7,2510.7,159.042,14.6675,16.8744,12.963,2.6639,2.3247,15.7864,18.1616,17.9336,10.2558,10.4419,1.9342,12.9118,14.5883,3.7645,-337.093,-5.3289,-39.658,9.0,1.0,-12.6415,https://raw.githubusercontent.com/edamame384/stock_selection/HEAD/projects/shikiho_text_parser/data/raw/4Q-2/3231.txt,"JPY bn. IBD/cash per ibd_date/cash_date (Shikiho mirror Sep-25 BS & FY-end cash, or company results for later dates); NCI: TT derived (net assets 619.0 - 24.5% x TA), peers 0 = ESTIMATE; EBITDA = OI + D&A (da_basis); hybrids counted 100% as debt; Daito LTFY = company FY3/26 forecast (proxy); rev_f for 8802/3003/8818 = Toyo Keizai estimates (E)",True,True
3003,Hulic,core,Dec,FY12/2025,1734.0,2026-09-25,1331.6,10.9,1.39,3.86,13.09,26.0,727.447,186.826,114.334,22.9,523.424,751.0,210.0,121.0,OI/NI S company; revenue E (Toyo Keizai est.),2210.758,2025-09-30,134.3,2024-12-31,0.0,17.8,FY12/24 (Shikiho actual),269.239,-602.0,417.1,OCF FY12/25; ICF/capex FY12/24,12.0,9.0,1.57,12.04,1899.0,,767.9354,957.9856,1247.482,2076.458,3408.058,204.626,25.6824,28.1293,27.9627,4.685,4.538,16.6551,18.2419,16.2288,11.6466,10.1476,2.1675,11.5962,3.2378,5.8303,-332.761,7.9001,-24.9896,10.5,1.0,-8.6888,https://raw.githubusercontent.com/edamame384/stock_selection/HEAD/projects/shikiho_text_parser/data/raw/4Q-2/3003.txt,"JPY bn. IBD/cash per ibd_date/cash_date (Shikiho mirror Sep-25 BS & FY-end cash, or company results for later dates); NCI: TT derived (net assets 619.0 - 24.5% x TA), peers 0 = ESTIMATE; EBITDA = OI + D&A (da_basis); hybrids counted 100% as debt; Daito LTFY = company FY3/26 forecast (proxy); rev_f for 8802/3003/8818 = Toyo Keizai estimates (E)",True,True
8803,Heiwa Real Estate,core,Mar,FY3/2026,2320.0,2026-09-30,164.8,13.3,1.24,4.44,9.01,28.1,50.855,15.109,11.032,20.9,44.522,63.8,15.8,11.5,S company,261.338,2026-03-31 (assumed),25.2,2025-03-31,0.0,5.6,FY3/25 (Shikiho actual),16.048,-24.8,24.5,FY3/25,17.4,13.7,1.3,16.86,2446.0,13.6,71.0345,132.9032,1870.9677,236.138,400.938,20.709,29.71,40.7217,24.7649,7.8839,6.2843,19.3606,26.5364,25.3758,14.9384,11.4027,1.7768,4.5329,25.4547,4.2422,-8.752,4.0026,-5.3107,15.55,1.0,-5.1513,https://raw.githubusercontent.com/edamame384/stock_selection/HEAD/projects/shikiho_text_parser/data/raw/4Q-2/8803.txt,"JPY bn. IBD/cash per ibd_date/cash_date (Shikiho mirror Sep-25 BS & FY-end cash, or company results for later dates); NCI: TT derived (net assets 619.0 - 24.5% x TA), peers 0 = ESTIMATE; EBITDA = OI + D&A (da_basis); hybrids counted 100% as debt; Daito LTFY = company FY3/26 forecast (proxy); rev_f for 8802/3003/8818 = Toyo Keizai estimates (E)",True,True
8818,Keihanshin Building,core,Mar,FY3/2026,1118.0,2026-09-11,109.1,15.2,1.26,2.68,5.93,43.8,20.255,5.646,4.675,3.4,18.879,20.1,5.53,4.22,E (Toyo Keizai est.),77.697,2025-09-30,14.0,2025-03-31,0.0,3.891,FY3/25 (Shikiho actual),7.294,-8.2,9.75,FY3/25,20.3,14.4,1.16,22.63,1947.0,,97.585,86.5873,887.3016,63.697,172.797,9.537,27.8746,47.0847,27.5124,8.5311,8.5969,18.1186,30.6052,31.2472,23.3369,6.6789,0.7356,2.3728,-0.7652,-9.7326,-0.906,4.2211,-0.8304,17.35,2.0,14.8433,https://raw.githubusercontent.com/edamame384/stock_selection/HEAD/projects/shikiho_text_parser/data/raw/4Q-2/8818.txt,"JPY bn. IBD/cash per ibd_date/cash_date (Shikiho mirror Sep-25 BS & FY-end cash, or company results for later dates); NCI: TT derived (net assets 619.0 - 24.5% x TA), peers 0 = ESTIMATE; EBITDA = OI + D&A (da_basis); hybrids counted 100% as debt; Daito LTFY = company FY3/26 forecast (proxy); rev_f for 8802/3003/8818 = Toyo Keizai estimates (E)",True,True
1928,Sekisui House,housing,Jan,FY1/2026,3415.0,2026-08-06,2225.2,10.2,1.03,4.25,11.32,42.7,4197.922,341.402,232.095,3.4,2928.835,4353.0,350.0,218.0,S company (Mar-26),1944.539,2025-10-31,390.3,2025-01-31,0.0,35.2,FY1/25 (Shikiho actual),62.885,-697.6,99.8,FY1/25 (MDC acquisition year),11.0,8.0,1.07,10.58,3544.0,2.2,651.5959,2160.3883,3315.534,1554.239,3779.439,376.602,8.1326,8.9712,8.0404,0.9003,0.8682,10.0356,11.0703,10.7984,9.5875,4.127,0.7194,12.7491,3.6942,-6.0729,-634.715,1.6639,-28.524,9.5,1.0,-3.64,https://raw.githubusercontent.com/edamame384/stock_selection/HEAD/projects/shikiho_text_parser/data/raw/4Q-2/1928.txt,"JPY bn. IBD/cash per ibd_date/cash_date (Shikiho mirror Sep-25 BS & FY-end cash, or company results for later dates); NCI: TT derived (net assets 619.0 - 24.5% x TA), peers 0 = ESTIMATE; EBITDA = OI + D&A (da_basis); hybrids counted 100% as debt; Daito LTFY = company FY3/26 forecast (proxy); rev_f for 8802/3003/8818 = Toyo Keizai estimates (E)",False,True
1878,Daito Trust Construction,housing,Mar,FY3/2026 (company fcst proxy),3143.0,2026-09-29,1083.1,9.5,2.06,5.19,20.45,36.5,1980.0,135.0,95.0,7.5,1657.626,,,,"LTFY = company fcst (Jan-26), E",233.101,2025-09-30,223.5,2025-03-31,0.0,17.3,FY3/25 (Shikiho actual),85.612,-46.5,27.0,FY3/25,14.9,10.7,2.43,13.14,3625.0,3.2,344.6071,525.7767,1525.7282,9.601,1092.701,152.3,6.8182,7.6919,,0.5519,,7.1747,8.0941,,11.4011,0.063,0.0183,6.1026,,,39.112,7.8349,3.6111,12.8,1.0,-13.2966,https://raw.githubusercontent.com/edamame384/stock_selection/HEAD/projects/shikiho_text_parser/data/raw/4Q-2/1878.txt,"JPY bn. IBD/cash per ibd_date/cash_date (Shikiho mirror Sep-25 BS & FY-end cash, or company results for later dates); NCI: TT derived (net assets 619.0 - 24.5% x TA), peers 0 = ESTIMATE; EBITDA = OI + D&A (da_basis); hybrids counted 100% as debt; Daito LTFY = company FY3/26 forecast (proxy); rev_f for 8802/3003/8818 = Toyo Keizai estimates (E)",False,True
3288,Open House Group,housing,Sep,FY9/2025,7362.0,2026-09-29,859.7,6.9,1.38,2.78,20.1,38.1,1336.468,145.933,100.67,3.1,952.686,1485.0,174.5,115.5,S company (Feb-26),720.061,2025-09-30,407.6,2025-09-30,0.0,2.053,FY9/25 (Shikiho actual),29.53,-11.1,,FY9/25,8.4,5.6,2.02,10.15,10050.0,4.5,116.7753,622.971,5334.7826,312.461,1172.161,147.986,10.9193,11.0729,11.7508,0.8771,0.7893,7.9208,8.0322,6.7173,8.5398,2.1114,0.5016,11.9445,11.1138,14.7313,18.43,2.5193,2.1438,7.0,1.0,-26.7463,https://raw.githubusercontent.com/edamame384/stock_selection/HEAD/projects/shikiho_text_parser/data/raw/4Q-2/3288.txt,"JPY bn. IBD/cash per ibd_date/cash_date (Shikiho mirror Sep-25 BS & FY-end cash, or company results for later dates); NCI: TT derived (net assets 619.0 - 24.5% x TA), peers 0 = ESTIMATE; EBITDA = OI + D&A (da_basis); hybrids counted 100% as debt; Daito LTFY = company FY3/26 forecast (proxy); rev_f for 8802/3003/8818 = Toyo Keizai estimates (E)",False,True
