date,period,frequency,open,high,low,close,price_type,source_url,notes
2017-12-29,2017,annual,1583,1653,1305,1522,year_end_close,https://www.nikkei.com/nkd/company/history/yprice/?scode=8804,annual OHLC; close date = last TSE trading day of the year (calendar inference)
2018-12-28,2018,annual,1522,1858,1061,1140,year_end_close,https://www.nikkei.com/nkd/company/history/yprice/?scode=8804,annual OHLC; close date = last TSE trading day of the year (calendar inference)
2019-12-30,2019,annual,1101,1740,1078,1709,year_end_close,https://www.nikkei.com/nkd/company/history/yprice/?scode=8804,annual OHLC; close date = last TSE trading day of the year (calendar inference)
2020-12-30,2020,annual,1705,1828,904,1415,year_end_close,https://www.nikkei.com/nkd/company/history/yprice/?scode=8804,annual OHLC; close date = last TSE trading day of the year (calendar inference)
2021-12-30,2021,annual,1415,1852,1367,1680,year_end_close,https://www.nikkei.com/nkd/company/history/yprice/?scode=8804,annual OHLC; close date = last TSE trading day of the year (calendar inference)
2022-12-30,2022,annual,1692,2190,1569,1599,year_end_close,https://www.nikkei.com/nkd/company/history/yprice/?scode=8804,annual OHLC; close date = last TSE trading day of the year (calendar inference)
2023-12-29,2023,annual,1590,2191,1484,2112,year_end_close,https://www.nikkei.com/nkd/company/history/yprice/?scode=8804,annual OHLC; close date = last TSE trading day of the year (calendar inference)
2024-12-30,2024,annual,2097,2774,2029,2607,year_end_close,https://www.nikkei.com/nkd/company/history/yprice/?scode=8804,open dated 2024-01-04; close dated 2024-12-30 per source; high/low dates not available
2025-03-31,2025-03,reference,,,,2451.3,buyback_avg_price,https://filingreader.com/news-wire/tokyo/2025-04-01/tokyo-tatemono-executes-share-buyback-program-acquires-176400-shares,"Average acquisition price of 176,400 shares bought on TSE in Mar-2025 for JPY 432,417,100 (proxy for Mar-2025 price level; NOT a close)"
2025-04-07,2025-04-07,point,,,2237.5,,intraday_low,https://www.nikkei.com/nkd/company/history/yprice/?scode=8804,2025 annual low (date per source); coincides with Apr-2025 US tariff-shock sell-off
2025-05-30,2025-05,reference,,,,2560.4,buyback_avg_price,https://filingreader.com/news-wire/tokyo/2025-06-02/tokyo-tatemono-continues-share-repurchase-program-in-may-2025,"Average acquisition price of 167,300 shares bought in May-2025 for JPY 428,360,750 (proxy; NOT a close)"
2025-12-26,2025-12-26,point,,3655,,,intraday_high,https://www.nikkei.com/nkd/company/history/yprice/?scode=8804,2025 annual high (date per source)
2025-12-30,2025,annual,2594,3655,2237.5,3546,year_end_close,https://www.nikkei.com/nkd/company/history/yprice/?scode=8804,open 2025-01-06; high 2025-12-26; low 2025-04-07; close 2025-12-30 per source
2026-01-30,2026-01,monthly,3552,3777,3501,3629,month_end_close (last trading day; date inferred from calendar),https://s.kabutan.jp/stocks/8804/historical_prices/monthly/ ; https://kabutan.jp/stock/kabuka?code=8804&ashi=mon,
2026-02-27,2026-02,monthly,3689,4374,3603,4374,month_end_close (last trading day; date inferred from calendar),https://s.kabutan.jp/stocks/8804/historical_prices/monthly/ ; https://kabutan.jp/stock/kabuka?code=8804&ashi=mon,"month close = all-time high 4,374 on 2026-02-27"
2026-03-31,2026-03,monthly,4234,4304,3462,3587,month_end_close (last trading day; date inferred from calendar),https://s.kabutan.jp/stocks/8804/historical_prices/monthly/ ; https://kabutan.jp/stock/kabuka?code=8804&ashi=mon,
2026-04-30,2026-04,monthly,3698,3922,3523,3599,month_end_close (last trading day; date inferred from calendar),https://s.kabutan.jp/stocks/8804/historical_prices/monthly/ ; https://kabutan.jp/stock/kabuka?code=8804&ashi=mon,
2026-05-29,2026-05,monthly,3573,3606,3083,3269,month_end_close (last trading day; date inferred from calendar),https://s.kabutan.jp/stocks/8804/historical_prices/monthly/ ; https://kabutan.jp/stock/kabuka?code=8804&ashi=mon,"low 3,083 on 2026-05-28 = 2026 YTD low"
2026-06-30,2026-06,monthly,3350,3448,3135,3296,month_end_close (last trading day; date inferred from calendar),https://s.kabutan.jp/stocks/8804/historical_prices/monthly/ ; https://kabutan.jp/stock/kabuka?code=8804&ashi=mon,
2026-07-24,2026-07-24,point,,,,3427,close (as reported),https://finance.matsui.co.jp/stock/8804/index ; https://minkabu.jp/stock/8804,"Price 3,427 as of 2026-07-24; consistent with mkt cap JPY 712.7bn / 207.978m shares"
2026-07-31,2026-07,monthly,3300,3542,3223,3387,month_end_close (last trading day; date inferred from calendar),https://s.kabutan.jp/stocks/8804/historical_prices/monthly/ ; https://kabutan.jp/stock/kabuka?code=8804&ashi=mon,
2026-08-31,2026-08,monthly,3340,3475,3245,3445,month_end_close (last trading day; date inferred from calendar),https://s.kabutan.jp/stocks/8804/historical_prices/monthly/ ; https://kabutan.jp/stock/kabuka?code=8804&ashi=mon,
2026-09-18,2026 YTD,annual_ytd,3552,4374,3083,3236,latest_close_in_source,https://www.nikkei.com/nkd/company/history/yprice/?scode=8804,YTD to 2026-09-18; high 2026-02-27 (all-time high); low 2026-05-28
2026-09-18,2026-09 (partial),monthly_partial,3424,3481,3236,3236,latest_close_in_source,https://s.kabutan.jp/stocks/8804/historical_prices/monthly/ ; https://kabutan.jp/stock/kabuka?code=8804&ashi=mon,PARTIAL month: data in source end 2026-09-18 (-209 / -6.1% vs Aug close)
2026-09-24,2026-09-24,point,,,,3293,derived_prev_close,https://s.kabutan.jp/stocks/8804/,"DERIVED: 3,286 intraday on 25-Sep minus change of -7 => previous close 3,293"
2026-09-25,2026-09-25,point,,,,3286,intraday 11:18 JST,https://s.kabutan.jp/stocks/8804/,"3,286 at 11:18 JST, -7 (-0.21%); mkt cap JPY 683.4bn"
2026-10-01,2026-10-01,point,,,,3255,close (UNVERIFIED),https://www.nikkei.com/nkd/company/history/yprice/?scode=8804 ; https://finance.matsui.co.jp/stock/8804/index (page attribution uncertain),"UNVERIFIED: a search-engine summary stated '10月1日の終値は3,255.0円' without clear year/page attribution; do not use as the latest close without checking"
